<JavaCardConfiguration name="ContactlessPaymentCards">
    <Config activeconfig="Debug">
        <ConfigItem name="Debug" chipPack="JAVACOS">
            <InstallConfig>
                <PKG project_name="ContactlessPaymentCards" pkg_name="ContactlessPaymentsSecurity" aid="41 30 30 30 30 30 30 30 30 31 32 33 34 35 36 37" major="1" minor="0">
                    <APPLET aid="41 30 30 30 30 30 30 30 30 31 32 33 34 35 36" authority="" instanceaid="" parameter="" privileges="" index="14016" name="ContactlessPaymentsSecurity" />
                </PKG>
            </InstallConfig>
            <ScriptConfig before_build="" after_build="" />
        </ConfigItem>
    </Config>
</JavaCardConfiguration>
